data,fechamento,volume
2025-12-02,161092.0,8430000000.0
2025-12-01,158611.0,7500000000.0
2025-11-28,159072.0,8020000000.0
2025-11-27,158360.0,4470000000.0
2025-11-26,158555.0,8600000000.0
2025-11-25,155910.0,6930000000.0
2025-11-24,155278.0,9280000000.0
2025-11-21,154770.0,7850000000.0
2025-11-19,155381.0,8820000000.0
2025-11-18,156522.0,8720000000.0
2025-11-17,156993.0,8420000000.0
2025-11-14,157739.0,7980000000.0
2025-11-13,157162.0,10560000000.0
2025-11-12,157633.0,11230000000.0
2025-11-11,157749.0,12880000000.0
2025-11-10,155257.0,7750000000.0
2025-11-07,154064.0,9470000000.0
2025-11-06,153339.0,9390000000.0
2025-11-05,153294.0,9800000000.0
2025-11-04,150704.0,7540000000.0
2025-11-03,150454.0,7670000000.0
2025-10-31,149540.0,8910000000.0
2025-10-30,148780.0,7300000000.0
2025-10-29,148633.0,8000000000.0
2025-10-28,147429.0,7110000000.0
2025-10-27,146969.0,6450000000.0
2025-10-24,146172.0,6490000000.0
2025-10-23,145721.0,6600000000.0
2025-10-22,144873.0,7020000000.0
2025-10-21,144085.0,6190000000.0
2025-10-20,144509.0,6790000000.0
2025-10-17,143399.0,8880000000.0
2025-10-16,142200.0,7390000000.0
2025-10-15,142604.0,10320000000.0
2025-10-14,141683.0,7120000000.0
2025-10-13,141783.0,5530000000.0
2025-10-10,140680.0,8279999999.999999
2025-10-09,141708.0,6820000000.0
2025-10-08,142145.0,7530000000.0
2025-10-07,141356.0,9270000000.0
2025-10-06,143608.0,5980000000.0
2025-10-03,144201.0,6180000000.0
2025-10-02,143950.0,7250000000.0
2025-10-01,145517.0,8340000000.0
2025-09-30,146237.0,9480000000.0
2025-09-29,146337.0,7070000000.0
2025-09-26,145447.0,6340000000.0
2025-09-25,145306.0,8289999999.999999
2025-09-24,146492.0,7290000000.0
2025-09-23,146425.0,8140000000.000001
2025-09-22,145109.0,9430000000.0
2025-09-19,145865.0,10280000000.0
2025-09-18,145499.0,8369999999.999999
2025-09-17,145594.0,9600000000.0
2025-09-16,144062.0,8480000000.0
2025-09-15,143547.0,6610000000.0
2025-09-12,142272.0,6390000000.0
2025-09-11,143151.0,7570000000.0
2025-09-10,142349.0,7140000000.0
2025-09-09,141618.0,7480000000.0
2025-09-08,141792.0,7440000000.0
2025-09-05,142640.0,8380000000.000001
2025-09-04,140993.0,8029999999.999999
2025-09-03,139864.0,7580000000.0
2025-09-02,140335.0,8790000000.0
2025-09-01,141283.0,4950000000.0
2025-08-29,141422.0,9330000000.0
2025-08-28,141049.0,9290000000.0
2025-08-27,139206.0,6610000000.0
2025-08-26,137771.0,8449999999.999999
2025-08-25,138025.0,5990000000.0
2025-08-22,137968.0,9320000000.0
2025-08-21,134511.0,6520000000.0
2025-08-20,134666.0,6850000000.0
2025-08-19,134432.0,8680000000.0
2025-08-18,137322.0,8090000000.0
2025-08-15,136341.0,9290000000.0
2025-08-14,136356.0,9670000000.0
2025-08-13,136687.0,9400000000.0
2025-08-12,137914.0,8340000000.0
2025-08-11,135623.0,6950000000.0
2025-08-08,135913.0,9890000000.0
2025-08-07,136528.0,9500000000.0
2025-08-06,134538.0,8680000000.0
2025-08-05,133151.0,6610000000.0
2025-08-04,132971.0,6140000000.0
2025-08-01,132437.0,8500000000.0
2025-07-31,133071.0,9200000000.0
2025-07-30,133990.0,8660000000.0
2025-07-29,132726.0,6320000000.0
2025-07-28,132129.0,6630000000.0
2025-07-25,133524.0,5560000000.0
2025-07-24,133808.0,5980000000.0
2025-07-23,135368.0,6530000000.0
2025-07-22,134036.0,7050000000.0
2025-07-21,134167.0,6730000000.0
2025-07-18,133382.0,10070000000.0
2025-07-17,135565.0,6800000000.0
2025-07-16,135511.0,7830000000.0
2025-07-15,135250.0,6900000000.0
2025-07-14,135299.0,7330000000.0
2025-07-11,136187.0,7400000000.0
2025-07-10,136743.0,9570000000.0
2025-07-09,137481.0,7580000000.0
2025-07-08,139303.0,6750000000.0
2025-07-07,139490.0,6120000000.0
2025-07-04,141264.0,3310000000.0
2025-07-03,140928.0,6080000000.0
2025-07-02,139051.0,8810000000.0
2025-07-01,139549.0,6350000000.0
2025-06-30,138855.0,7680000000.0
2025-06-27,136866.0,6240000000.0
2025-06-26,137114.0,8020000000.0
2025-06-25,135767.0,7710000000.0
2025-06-24,137165.0,8080000000.0
2025-06-23,136551.0,7730000000.0
2025-06-20,137116.0,11290000000.0
2025-06-18,138717.0,8320000000.0
2025-06-17,138840.0,8380000000.000001
2025-06-16,139256.0,7620000000.0
2025-06-13,137213.0,8630000000.0
2025-06-12,137800.0,7120000000.0
2025-06-11,137128.0,8770000000.0
2025-06-10,136436.0,8189999999.999999
2025-06-09,135699.0,7760000000.0
2025-06-06,136102.0,9120000000.0
2025-06-05,136236.0,9480000000.0
2025-06-04,137002.0,10200000000.0
2025-06-03,137546.0,9700000000.0
2025-06-02,136787.0,9100000000.0
2025-05-30,137027.0,15140000000.0
2025-05-29,138534.0,8830000000.0
2025-05-28,138888.0,9730000000.0
2025-05-27,139541.0,11190000000.0
2025-05-26,138136.0,5550000000.0
2025-05-23,137824.0,10680000000.0
2025-05-22,137273.0,13220000000.0
2025-05-21,137881.0,10150000000.0
2025-05-20,140110.0,9650000000.0
2025-05-19,139636.0,9590000000.0
2025-05-16,139187.0,12110000000.0
2025-05-15,139334.0,11500000000.0
2025-05-14,138423.0,11160000000.0
2025-05-13,138963.0,13070000000.0
2025-05-12,136563.0,10920000000.0
2025-05-09,136512.0,13880000000.0
2025-05-08,136232.0,17200000000.0
2025-05-07,133398.0,9940000000.0
2025-05-06,133516.0,11140000000.0
2025-05-05,133491.0,10800000000.0
2025-05-02,135134.0,12740000000.0
2025-04-30,135067.0,15450000000.0
2025-04-29,135093.0,12760000000.0
2025-04-28,135016.0,11450000000.0
2025-04-25,134739.0,13050000000.0
2025-04-24,134580.0,14110000000.0
2025-04-23,132216.0,11340000000.0
2025-04-22,130464.0,8610000000.0
2025-04-17,129650.0,9980000000.0
2025-04-16,128317.0,11540000000.0
2025-04-15,129245.0,8840000000.0
2025-04-14,129454.0,10610000000.0
2025-04-11,127682.0,10080000000.0
2025-04-10,126355.0,11460000000.0
2025-04-09,127796.0,16920000000.000002
2025-04-08,123932.0,12810000000.0
2025-04-07,125588.0,14050000000.0
2025-04-04,127256.0,13180000000.0
2025-04-03,131141.0,12330000000.0
2025-04-02,131190.0,8820000000.0
2025-04-01,131147.0,8970000000.0
2025-03-31,130260.0,9990000000.0
2025-03-28,131902.0,8910000000.0
2025-03-27,133149.0,10020000000.0
2025-03-26,132520.0,9400000000.0
2025-03-25,132068.0,9240000000.0
2025-03-24,131321.0,8300000000.000001
2025-03-21,132345.0,14190000000.0
2025-03-20,131955.0,14190000000.0
2025-03-19,132508.0,12200000000.0
2025-03-18,131475.0,10990000000.0
2025-03-17,130834.0,11060000000.0
2025-03-14,128957.0,14570000000.0
2025-03-13,125637.0,11260000000.0
2025-03-12,123864.0,8250000000.0
2025-03-11,123507.0,8810000000.0
2025-03-10,124519.0,9370000000.0
2025-03-07,125035.0,9980000000.0
2025-03-06,123358.0,10060000000.0
2025-03-05,123047.0,9600000000.0
2025-02-28,122799.0,24870000000.0
2025-02-27,124799.0,12550000000.0
2025-02-26,124769.0,11360000000.0
2025-02-25,125980.0,11080000000.0
2025-02-24,125401.0,10150000000.0
2025-02-21,127128.0,11090000000.0
2025-02-20,127601.0,10640000000.0
2025-02-19,127309.0,9300000000.0
2025-02-18,128532.0,10990000000.0
2025-02-17,128552.0,9970000000.0
2025-02-14,128219.0,12560000000.0
2025-02-13,124850.0,9050000000.0
2025-02-12,124380.0,14630000000.0
2025-02-11,126522.0,11240000000.0
2025-02-10,125572.0,8910000000.0
2025-02-07,124619.0,10950000000.0
2025-02-06,126225.0,10030000000.0
2025-02-05,125534.0,9960000000.0
2025-02-04,125147.0,9780000000.0
2025-02-03,125970.0,9550000000.0
2025-01-31,126135.0,10240000000.0
2025-01-30,126913.0,11690000000.0
2025-01-29,123432.0,7350000000.0
2025-01-28,124056.0,8310000000.000001
2025-01-27,124862.0,11020000000.0
2025-01-24,122447.0,7780000000.0
2025-01-23,122483.0,9490000000.0
2025-01-22,122972.0,9980000000.0
2025-01-21,123338.0,7820000000.0
2025-01-20,122855.0,6050000000.0
2025-01-17,122350.0,10240000000.0
2025-01-16,121234.0,11310000000.0
2025-01-15,122650.0,11930000000.0
2025-01-14,119299.0,9350000000.0
2025-01-13,119007.0,8160000000.0
2025-01-10,118856.0,9260000000.0
2025-01-09,119781.0,6610000000.0
2025-01-08,119625.0,10230000000.0
2025-01-07,121163.0,11120000000.0
2025-01-06,120022.0,9690000.0
2025-01-03,118533.0,9800000.0
2025-01-02,120125.0,9370000.0
2024-12-30,120283.0,8900000.0
2024-12-27,120269.0,8940000.0
2024-12-26,121078.0,8340000.0
2024-12-23,120767.0,9950000.0
2024-12-20,122102.0,18130000.0
2024-12-19,121188.0,13680000.0
2024-12-18,120772.0,19740000.0
2024-12-17,124698.0,17560000.0
2024-12-16,123560.0,11070000.0
2024-12-13,124612.0,11760000.0
2024-12-12,126042.0,13450000.0
2024-12-11,129593.0,13170000.0
2024-12-10,128228.0,9140000.0
2024-12-09,127210.0,9370000.0
2024-12-06,125946.0,11220000.0
2024-12-05,127858.0,9530000.0
2024-12-04,126087.0,9390000.0
2024-12-03,126139.0,9990000.0
2024-12-02,125236.0,11520000.0
2024-11-29,125668.0,16399999.999999998
2024-11-28,124610.0,12830000.0
2024-11-27,127669.0,12320000.0
2024-11-26,129922.0,9750000.0
2024-11-25,129036.0,14410000.0
2024-11-22,129126.0,9190000.0
2024-11-21,126922.0,10270000.0
2024-11-19,128197.0,9100000.0
2024-11-18,127768.0,10740000.0
2024-11-14,127792.0,13140000.0
2024-11-13,127734.0,12690000.0
2024-11-12,127698.0,9520000.0
2024-11-11,127874.0,8400000.0
2024-11-08,127830.0,13180000.0
2024-11-07,129682.0,10520000.0
2024-11-06,130341.0,10540000.0
2024-11-05,130661.0,8560000.0
2024-11-04,130515.0,9010000.0
2024-11-01,128121.0,9900000.0
2024-10-31,129713.0,9070000.0
2024-10-30,130639.0,7330000.0
2024-10-29,130730.0,7640000.0
2024-10-28,131213.0,7140000.0
2024-10-25,129893.0,8510000.0
2024-10-24,130067.0,8310000.000000001
2024-10-23,129233.0,7960000.0
2024-10-22,129951.0,8220000.000000001
2024-10-21,130362.0,7770000.0
2024-10-18,130499.0,8680000.0
2024-10-17,130793.0,7090000.0
2024-10-16,131750.0,10280000.0
2024-10-15,131043.0,7980000.0
2024-10-14,131005.0,8500000.0
2024-10-11,129992.0,7970000.0
2024-10-10,130353.0,7620000.0
2024-10-09,129962.0,9220000.0
2024-10-08,131512.0,9090000.0
2024-10-07,132018.0,7700000.0
2024-10-04,131792.0,7050000.0
2024-10-03,131672.0,9820000.0
2024-10-02,133515.0,9400000.0
2024-10-01,132495.0,9840000.0
2024-09-30,131816.0,9130000.0
2024-09-27,132730.0,9340000.0
2024-09-26,133010.0,11620000.0
2024-09-25,131586.0,10530000.0
2024-09-24,132156.0,9370000.0
2024-09-23,130568.0,9140000.0
2024-09-20,131065.0,13610000.0
2024-09-19,133123.0,9250000.0
2024-09-18,133748.0,9790000.0
2024-09-17,134960.0,7310000.0
2024-09-16,135118.0,6710000.0
2024-09-13,134882.0,8870000.0
2024-09-12,134029.0,7000000.0
2024-09-11,134677.0,7950000.0
2024-09-10,134320.0,8250000.0
2024-09-09,134737.0,6590000.0
2024-09-06,134572.0,7560000.0
2024-09-05,136502.0,7530000.0
2024-09-04,136111.0,9420000.0
2024-09-03,134353.0,8800000.0
2024-09-02,134906.0,5530000.0
2024-08-30,136004.0,18400000.0
2024-08-29,136041.0,8390000.0
2024-08-28,137344.0,7460000.0
2024-08-27,136776.0,6750000.0
2024-08-26,136889.0,7560000.0
2024-08-23,135608.0,8650000.0
2024-08-22,135173.0,8050000.000000001
2024-08-21,136464.0,9570000.0
2024-08-20,136087.0,8109999.999999999
2024-08-19,135778.0,11280000.0
2024-08-16,133953.0,10870000.0
2024-08-15,134153.0,10530000.0
2024-08-14,133318.0,12160000.0
2024-08-13,132398.0,9800000.0
2024-08-12,131116.0,8600000.0
2024-08-09,130615.0,11320000.0
2024-08-08,128661.0,8620000.0
2024-08-07,127514.0,8840000.0
2024-08-06,126267.0,10050000.0
2024-08-05,125270.0,10890000.0
2024-08-02,125854.0,9950000.0
2024-08-01,127395.0,9810000.0
2024-07-31,127652.0,9470000.0
2024-07-30,126139.0,6850000.0
2024-07-29,126954.0,7080000.0
2024-07-26,127492.0,8270000.0
2024-07-25,125954.0,7130000.0
2024-07-24,126423.0,7300000.0
2024-07-23,126590.0,7020000.0
2024-07-22,127860.0,6100000.0
2024-07-19,127616.0,7620000.0
2024-07-18,127652.0,7590000.0
2024-07-17,129450.0,6670000.0
2024-07-16,129110.0,6820000.0
2024-07-15,129321.0,5830000.0
2024-07-12,128897.0,7210000.0
2024-07-11,128294.0,7970000.0
2024-07-10,127218.0,8150000.0
2024-07-09,127108.0,6680000.0
2024-07-08,126548.0,7430000.0
2024-07-05,126267.0,8090000.0
2024-07-04,126164.0,6540000.0
2024-07-03,125662.0,8530000.0
2024-07-02,124787.0,8369999.999999999
2024-07-01,124718.0,8230000.0
2024-06-28,123907.0,9070000.0
2024-06-27,124308.0,8710000.0
2024-06-26,122641.0,8180000.0
2024-06-25,122331.0,6940000.0
2024-06-24,122637.0,7840000.0
2024-06-21,121341.0,12910000.0
2024-06-20,120446.0,8660000.0
2024-06-19,120261.0,5650000.0
2024-06-18,119630.0,8100000.0
2024-06-17,119138.0,7380000.0
2024-06-14,119662.0,7850000.0
2024-06-13,119568.0,8540000.0
2024-06-12,119936.0,11280000.0
2024-06-11,121635.0,7490000.0
2024-06-10,120760.0,6570000.0
2024-06-07,120767.0,9800000.0
2024-06-06,122899.0,8400000.0
2024-06-05,121407.0,8770000.0
2024-06-04,121802.0,8530000.0
2024-06-03,122032.0,8430000.0
2024-05-31,122098.0,15920000.0
2024-05-29,122707.0,8260000.0
2024-05-28,123780.0,9180000.0
2024-05-27,124496.0,4330000.0
2024-05-24,124306.0,9210000.0
2024-05-23,124729.0,9990000.0
2024-05-22,125650.0,12400000.0
2024-05-21,127412.0,9140000.0
2024-05-20,127751.0,9340000.0
2024-05-17,128151.0,10260000.0
2024-05-16,128284.0,9860000.0
2024-05-15,128028.0,10860000.0
2024-05-14,128515.0,11890000.0
2024-05-13,128155.0,8920000.0
2024-05-10,127600.0,12570000.0
2024-05-09,128188.0,13370000.0
2024-05-08,129481.0,9790000.0
2024-05-07,129210.0,10180000.0
2024-05-06,128466.0,8780000.0
2024-05-03,128509.0,12800000.0
2024-05-02,127122.0,11550000.0
2024-04-30,125924.0,10890000.0
2024-04-29,127352.0,8390000.0
2024-04-26,126526.0,8900000.0
2024-04-25,124646.0,10090000.0
2024-04-24,124741.0,10530000.0
2024-04-23,125148.0,11260000.0
2024-04-22,125573.0,10260000.0
2024-04-19,125124.0,13600000.0
2024-04-18,124196.0,10660000.0
2024-04-17,124171.0,11370000.0
2024-04-16,124389.0,14010000.0
2024-04-15,125334.0,13500000.0
2024-04-12,125946.0,10250000.0
2024-04-11,127396.0,8880000.0
2024-04-10,128054.0,10450000.0
2024-04-09,129890.0,8490000.0
2024-04-08,128857.0,8130000.000000001
2024-04-05,126795.0,9100000.0
2024-04-04,127428.0,13240000.0
2024-04-03,127318.0,11030000.0
2024-04-02,127549.0,9070000.0
2024-04-01,126990.0,9370000.0
2024-03-28,128106.0,9940000.0
2024-03-27,127691.0,9920000.0
2024-03-26,126863.0,9440000.0
2024-03-25,126931.0,8060000.000000001
2024-03-22,127027.0,9370000.0
2024-03-21,128159.0,9570000.0
2024-03-20,129125.0,10820000.0
2024-03-19,127529.0,11180000.0
2024-03-18,126954.0,10510000.0
2024-03-15,126742.0,14990000.0
2024-03-14,127690.0,9290000.0
2024-03-13,128006.0,8840000.0
2024-03-12,127668.0,9480000.0
2024-03-11,126124.0,8900000.0
2024-03-08,127071.0,11940000.0
2024-03-07,128340.0,7350000.0
2024-03-06,128890.0,11060000.0
2024-03-05,128098.0,9690000.0
2024-03-04,128341.0,7970000.0
2024-03-01,129180.0,9770000.0
2024-02-29,129020.0,12000000.0
2024-02-28,130155.0,9050000.0
2024-02-27,131689.0,10050000.0
2024-02-26,129609.0,7440000.0
2024-02-23,129419.0,9230000.0
2024-02-22,130241.0,10770000.0
2024-02-21,130032.0,12590000.0
2024-02-20,129916.0,12240000.0
2024-02-19,129036.0,5800000.0
2024-02-16,128726.0,10120000.0
2024-02-15,127804.0,10980000.0
2024-02-14,127018.0,7750000.0
2024-02-09,128026.0,12120000.0
2024-02-08,128217.0,13630000.0
2024-02-07,129950.0,15430000.0
2024-02-06,130416.0,13780000.0
2024-02-05,127593.0,9640000.0
2024-02-02,127182.0,10980000.0
2024-02-01,128481.0,10230000.0
2024-01-31,127752.0,12500000.0
2024-01-30,127402.0,10040000.0
2024-01-29,128503.0,8760000.0
2024-01-26,128967.0,8510000.0
2024-01-25,128169.0,8760000.0
2024-01-24,127816.0,8820000.0
2024-01-23,128263.0,9370000.0
2024-01-22,126602.0,9510000.0
2024-01-19,127636.0,11960000.0
2024-01-18,127316.0,12460000.0
2024-01-17,128524.0,9950000.0
2024-01-16,129294.0,11910000.0
2024-01-15,131521.0,5750000.0
2024-01-12,130988.0,10660000.0
2024-01-11,130649.0,9760000.0
2024-01-10,130841.0,8960000.0
2024-01-09,131447.0,9290000.0
2024-01-08,132427.0,8500000.0
2024-01-05,132023.0,9200000.0
2024-01-04,131226.0,8970000.0
2024-01-03,132834.0,8700000.0
2024-01-02,132697.0,8440000.0
2023-12-28,134185.0,7810000.0
2023-12-27,134194.0,6170000.0
2023-12-26,133533.0,5150000.0
2023-12-22,132753.0,8230000.0
2023-12-21,132182.0,8680000.0
2023-12-20,130804.0,10340000.0
2023-12-19,131851.0,9430000.0
2023-12-18,131084.0,9600000.0
2023-12-15,130197.0,15140000.0
2023-12-14,130842.0,15820000.0
2023-12-13,129465.0,15070000.0
2023-12-12,126403.0,10270000.0
2023-12-11,126916.0,7090000.0
2023-12-08,127094.0,10750000.0
2023-12-07,126010.0,10510000.0
2023-12-06,125623.0,10840000.0
2023-12-05,126903.0,11960000.0
2023-12-04,126803.0,10270000.0
2023-12-01,128185.0,13700000.0
2023-11-30,127331.0,19240000.0
2023-11-29,126166.0,12420000.0
2023-11-28,126538.0,12390000.0
2023-11-27,125731.0,11010000.0
2023-11-24,125517.0,9610000.0
2023-11-23,126576.0,7820000.0
2023-11-22,126035.0,14060000.0
2023-11-21,125626.0,10790000.0
2023-11-20,125957.0,11110000.0
2023-11-17,124773.0,15720000.0
2023-11-16,124639.0,18360000.0
2023-11-14,123166.0,19430000.0
2023-11-13,120410.0,11200000.0
2023-11-10,120568.0,11750000.0
2023-11-09,119034.0,15570000.0
2023-11-08,119177.0,15190000.0
2023-11-07,119268.0,16390000.0
2023-11-06,118431.0,10170000.0
2023-11-03,118160.0,15710000.0
2023-11-01,115053.0,13900000.0
2023-10-31,113144.0,10560000.0
2023-10-30,112532.0,9740000.0
2023-10-27,113301.0,12290000.0
2023-10-26,114777.0,12770000.0
2023-10-25,112830.0,12310000.0
2023-10-24,113762.0,10710000.0
2023-10-23,112785.0,10700000.0
2023-10-20,113155.0,11740000.0
2023-10-19,114004.0,11500000.0
2023-10-18,114060.0,15490000.0
2023-10-17,115908.0,10370000.0
2023-10-16,116534.0,8990000.0
2023-10-13,115754.0,10610000.0
2023-10-11,117051.0,9950000.0
2023-10-10,116737.0,11620000.0
2023-10-09,115156.0,9470000.0
2023-10-06,114170.0,13140000.0
2023-10-05,113284.0,9510000.0
2023-10-04,113607.0,10810000.0
2023-10-03,113419.0,11100000.0
2023-10-02,115057.0,8520000.0
2023-09-29,116565.0,11140000.0
2023-09-28,115731.0,10390000.0
2023-09-27,114327.0,13360000.0
2023-09-26,114193.0,11240000.0
2023-09-25,115925.0,9580000.0
2023-09-22,116009.0,9440000.0
2023-09-21,116145.0,12690000.0
2023-09-20,118695.0,9240000.0
2023-09-19,117846.0,11450000.0
2023-09-18,118288.0,11270000.0
2023-09-15,118758.0,16110000.0
2023-09-14,119392.0,13280000.0
2023-09-13,118176.0,12080000.0
2023-09-12,117968.0,9190000.0
2023-09-11,116883.0,8790000.0
2023-09-08,115313.0,8359999.999999999
2023-09-06,115985.0,9920000.0
2023-09-05,117331.0,10870000.0
2023-09-04,117777.0,5530000.0
2023-09-01,117893.0,11890000.0
2023-08-31,115742.0,12950000.0
2023-08-30,117535.0,8920000.0
2023-08-29,118404.0,9630000.0
2023-08-28,117121.0,9600000.0
2023-08-25,115837.0,9210000.0
2023-08-24,117026.0,9200000.0
2023-08-23,118135.0,11540000.0
2023-08-22,116156.0,9830000.0
2023-08-21,114429.0,9790000.0
2023-08-18,115409.0,10600000.0
2023-08-17,114982.0,12750000.0
2023-08-16,115592.0,18860000.0
2023-08-15,116171.0,14640000.0
2023-08-14,116810.0,11200000.0
2023-08-11,118065.0,11870000.0
2023-08-10,118350.0,12690000.0
2023-08-09,118409.0,11250000.0
2023-08-08,119090.0,10250000.0
2023-08-07,119380.0,8730000.0
2023-08-04,119508.0,15070000.0
2023-08-03,120586.0,13030000.0
2023-08-02,120859.0,10570000.0
2023-08-01,121248.0,10300000.0
2023-07-31,121943.0,10120000.0
2023-07-28,120187.0,8460000.0
2023-07-27,119990.0,10680000.0
2023-07-26,122560.0,9990000.0
2023-07-25,122008.0,11430000.0
2023-07-24,121342.0,10490000.0
2023-07-21,120217.0,11180000.0
2023-07-20,118083.0,8990000.0
2023-07-19,117552.0,9730000.0
2023-07-18,117841.0,8580000.0
2023-07-17,118219.0,8199999.999999999
2023-07-14,117711.0,8980000.0
2023-07-13,119264.0,9260000.0
2023-07-12,117666.0,8940000.0
2023-07-11,117556.0,10590000.0
2023-07-10,117942.0,8100000.0
2023-07-07,118898.0,10520000.0
2023-07-06,117426.0,11030000.0
2023-07-05,119549.0,10960000.0
2023-07-04,119076.0,6560000.0
2023-07-03,119673.0,8910000.0
2023-06-30,118087.0,13820000.0
2023-06-29,118383.0,11060000.0
2023-06-28,116681.0,10650000.0
2023-06-27,117523.0,13080000.0
2023-06-26,118243.0,10460000.0
2023-06-23,118977.0,12850000.0
2023-06-22,118934.0,11830000.0
2023-06-21,120420.0,11740000.0
2023-06-20,119622.0,10920000.0
2023-06-19,119858.0,6780000.0
2023-06-16,118758.0,15250000.0
2023-06-15,119221.0,12300000.0
2023-06-14,119069.0,16940000.0
2023-06-13,116743.0,12390000.0
2023-06-12,117336.0,12020000.0
2023-06-09,117019.0,13530000.0
2023-06-07,115488.0,14020000.0
2023-06-06,114610.0,15030000.0
2023-06-05,112696.0,9080000.0
2023-06-02,112558.0,14550000.0
2023-06-01,110565.0,14670000.0
2023-05-31,108335.0,15860000.0
2023-05-30,108967.0,11590000.0
2023-05-29,110333.0,5910000.0
2023-05-26,110906.0,11020000.0
2023-05-25,110054.0,14750000.0
2023-05-24,108800.0,12980000.0
2023-05-23,109929.0,12330000.0
2023-05-22,110213.0,11770000.0
2023-05-19,110745.0,16140000.0
2023-05-18,110108.0,13610000.0
2023-05-17,109460.0,13990000.0
2023-05-16,108194.0,16900000.0
2023-05-15,109029.0,11600000.0
2023-05-12,108464.0,11920000.0
2023-05-11,108256.0,12770000.0
2023-05-10,107448.0,13580000.0
2023-05-09,107114.0,13530000.0
2023-05-08,106042.0,13260000.0
2023-05-05,105148.0,16700000.0
2023-05-04,102174.0,14840000.0
2023-05-03,101797.0,11690000.0
2023-05-02,101927.0,12020000.0
2023-04-28,104432.0,13090000.0
2023-04-27,102923.0,11300000.0
2023-04-26,102312.0,10120000.0
2023-04-25,103220.0,10870000.0
2023-04-24,103947.0,10940000.0
2023-04-20,104367.0,12380000.0
2023-04-19,103913.0,12710000.0
2023-04-18,106163.0,11210000.0
2023-04-17,106016.0,10250000.0
2023-04-14,106279.0,11500000.0
2023-04-13,106458.0,12180000.0
2023-04-12,106890.0,17350000.0
2023-04-11,106214.0,18730000.0
2023-04-10,101847.0,8150000.0
2023-04-06,100822.0,9820000.0
2023-04-05,100978.0,13260000.0
2023-04-04,101869.0,11700000.0
2023-04-03,101506.0,12790000.0
2023-03-31,101882.0,15120000.0
2023-03-30,103713.0,14900000.0
2023-03-29,101793.0,12460000.0
2023-03-28,101185.0,13500000.0
2023-03-27,99670.0,9990000.0
2023-03-24,98829.0,12410000.0
2023-03-23,97926.0,15660000.0
2023-03-22,100221.0,11500000.0
2023-03-21,100998.0,9670000.0
2023-03-20,100923.0,10900000.0
2023-03-17,101982.0,17560000.0
2023-03-16,103435.0,14390000.0
2023-03-15,102675.0,15250000.0
2023-03-14,102932.0,13130000.0
2023-03-13,103121.0,12990000.0
2023-03-10,103618.0,17950000.0
2023-03-09,105071.0,19170000.0
2023-03-08,106540.0,15900000.0
2023-03-07,104228.0,12580000.0
2023-03-06,104700.0,14280000.0
2023-03-03,103866.0,13100000.0
2023-03-02,103326.0,14740000.0
2023-03-01,104385.0,19850000.0
2023-02-28,104932.0,15670000.0
2023-02-27,105711.0,9570000.0
2023-02-24,105798.0,10220000.0
2023-02-23,107593.0,11460000.0
2023-02-22,107152.0,9360000.0
2023-02-17,109177.0,10060000.0
2023-02-16,109941.0,13000000.0
2023-02-15,109600.0,15500000.0
2023-02-14,107849.0,11890000.0
2023-02-13,108836.0,9970000.0
2023-02-10,108078.0,14460000.0
2023-02-09,108008.0,12960000.0
2023-02-08,109951.0,13840000.0
2023-02-07,107830.0,12960000.0
2023-02-06,108722.0,11510000.0
2023-02-03,108523.0,13240000.0
2023-02-02,110141.0,15240000.0
2023-02-01,112074.0,17820000.0
2023-01-31,113431.0,12900000.0
2023-01-30,112273.0,11270000.0
2023-01-27,112316.0,10610000.0
2023-01-26,114178.0,10920000.0
2023-01-25,114270.0,11410000.0
2023-01-24,113028.0,11550000.0
2023-01-23,111737.0,13700000.0
2023-01-20,112041.0,15440000.0
2023-01-19,112922.0,15590000.0
2023-01-18,112228.0,14130000.0
2023-01-17,111439.0,14360000.0
2023-01-16,109213.0,12510000.0
2023-01-13,110916.0,15940000.0
2023-01-12,111850.0,19840000.0
2023-01-11,112517.0,14460000.0
2023-01-10,110817.0,13700000.0
2023-01-09,109130.0,12050000.0
2023-01-06,108964.0,12630000.0
2023-01-05,107641.0,15510000.0
2023-01-04,105334.0,14450000.0
2023-01-03,104166.0,14470000.0
2023-01-02,106376.0,8130000.000000001
2022-12-29,109735.0,13390000.0
2022-12-28,110237.0,11190000.0
2022-12-27,108578.0,11160000.0
2022-12-26,108738.0,5220000.0
2022-12-23,109698.0,12850000.0
2022-12-22,107552.0,11490000.0
2022-12-21,107433.0,17630000.0
2022-12-20,106864.0,19130000.0
2022-12-19,104740.0,16770000.0
2022-12-16,102856.0,18260000.0
2022-12-15,103738.0,15570000.0
2022-12-14,103746.0,24920000.0
2022-12-13,103540.0,17700000.0
2022-12-12,105343.0,15480000.0
2022-12-09,107520.0,10680000.0
2022-12-08,107249.0,14920000.0
2022-12-07,109069.0,13830000.0
2022-12-06,110189.0,13440000.0
2022-12-05,109401.0,12310000.0
2022-12-02,111924.0,15980000.0
2022-12-01,110926.0,15190000.0
2022-11-30,112486.0,19700000.0
2022-11-29,110910.0,14720000.0
2022-11-28,108782.0,11490000.0
2022-11-25,108977.0,12310000.0
2022-11-24,111831.0,10300000.0
2022-11-23,108841.0,13200000.0
2022-11-22,109037.0,15060000.0
2022-11-21,109748.0,16649999.999999998
2022-11-18,108870.0,18770000.0
2022-11-17,109703.0,23120000.0
2022-11-16,110243.0,18350000.0
2022-11-14,113161.0,15080000.0
2022-11-11,112253.0,25040000.0
2022-11-10,109775.0,26030000.0
2022-11-09,113580.0,20530000.0
2022-11-08,116160.0,14240000.0
2022-11-07,115342.0,15220000.0
2022-11-04,118155.0,16210000.0
2022-11-03,116896.0,15630000.0
2022-11-01,116929.0,17970000.0
2022-10-31,116037.0,21640000.0
2022-10-28,114539.0,14390000.0
2022-10-27,114641.0,15530000.0
2022-10-26,112764.0,16090000.0
2022-10-25,114626.0,14730000.0
2022-10-24,116013.0,13280000.0
2022-10-21,119929.0,18580000.0
2022-10-20,117171.0,16920000.0
2022-10-19,116274.0,12730000.0
2022-10-18,115743.0,14740000.0
2022-10-17,113624.0,11630000.0
2022-10-14,112072.0,13100000.0
2022-10-13,114300.0,14580000.0
2022-10-11,114827.0,13140000.0
2022-10-10,115941.0,11430000.0
2022-10-07,116375.0,13620000.0
2022-10-06,117561.0,14520000.0
2022-10-05,117198.0,13560000.0
2022-10-04,116230.0,16079999.999999998
2022-10-03,116134.0,20980000.0
2022-09-30,110037.0,16540000.0
2022-09-29,107664.0,14590000.0
2022-09-28,108451.0,13540000.0
2022-09-27,108376.0,14520000.0
2022-09-26,109114.0,13130000.0
2022-09-23,111716.0,13540000.0
2022-09-22,114070.0,15680000.0
2022-09-21,111936.0,14730000.0
2022-09-20,112517.0,12570000.0
2022-09-19,111824.0,12590000.0
2022-09-16,109280.0,18840000.0
2022-09-15,109954.0,11620000.0
2022-09-14,110547.0,11630000.0
2022-09-13,110794.0,12610000.0
2022-09-12,113407.0,11710000.0
2022-09-09,112300.0,12160000.0
2022-09-08,109916.0,13760000.0
2022-09-06,109764.0,14300000.0
2022-09-05,112203.0,9520000.0
2022-09-02,110864.0,16690000.000000002
2022-09-01,110405.0,14480000.0
2022-08-31,109523.0,14790000.0
2022-08-30,110431.0,11940000.0
2022-08-29,112323.0,9800000.0
2022-08-26,112299.0,11160000.0
2022-08-25,113532.0,11840000.0
2022-08-24,112898.0,13760000.0
2022-08-23,112857.0,11890000.0
2022-08-22,110501.0,11010000.0
2022-08-19,111496.0,12680000.0
2022-08-18,113813.0,10640000.0
2022-08-17,113708.0,14650000.0
2022-08-16,113512.0,12990000.0
2022-08-15,113032.0,15550000.0
2022-08-12,112764.0,18700000.0
2022-08-11,109718.0,14940000.0
2022-08-10,110236.0,13380000.0
2022-08-09,108651.0,12150000.0
2022-08-08,108402.0,12670000.0
2022-08-05,106472.0,12950000.0
2022-08-04,105892.0,15500000.0
2022-08-03,103775.0,12380000.0
2022-08-02,103362.0,10120000.0
2022-08-01,102225.0,11630000.0
2022-07-29,103165.0,12930000.0
2022-07-28,102597.0,11130000.0
2022-07-27,101438.0,10260000.0
2022-07-26,99772.0,9140000.0
2022-07-25,100270.0,8620000.0
2022-07-22,98925.0,10030000.0
2022-07-21,99033.0,10060000.0
2022-07-20,98287.0,12940000.0
2022-07-19,98245.0,10300000.0
2022-07-18,96916.0,10740000.0
2022-07-15,96551.0,11350000.0
2022-07-14,96121.0,12580000.0
2022-07-13,97881.0,12210000.0
2022-07-12,98271.0,12570000.0
2022-07-11,98212.0,8890000.0
2022-07-08,100289.0,9730000.0
2022-07-07,100730.0,12700000.0
2022-07-06,98719.0,13350000.0
2022-07-05,98295.0,13360000.0
2022-07-04,98609.0,6280000.0
2022-07-01,98954.0,11610000.0
2022-06-30,98542.0,14590000.0
2022-06-29,99622.0,10450000.0
2022-06-28,100591.0,10490000.0
2022-06-27,100764.0,9900000.0
2022-06-24,98672.0,10350000.0
2022-06-23,98080.0,12410000.0
2022-06-22,99522.0,11680000.0
2022-06-21,99685.0,11070000.0
2022-06-20,99853.0,10900000.0
2022-06-17,99825.0,18930000.0
2022-06-15,102807.0,16020000.0
2022-06-14,102063.0,11560000.0
2022-06-13,102598.0,13840000.0
2022-06-10,105481.0,12840000.0
2022-06-09,107094.0,11960000.0
2022-06-08,108368.0,10380000.0
2022-06-07,110070.0,9470000.0
2022-06-06,110186.0,8210000.000000001
2022-06-03,111102.0,8760000.0
2022-06-02,112393.0,10050000.0
2022-06-01,111360.0,9790000.0
2022-05-31,111351.0,15810000.0
2022-05-30,111032.0,7280000.0
2022-05-27,111942.0,9980000.0
2022-05-26,111890.0,13080000.0
2022-05-25,110580.0,10740000.0
2022-05-24,110581.0,11720000.0
2022-05-23,110346.0,10690000.0
2022-05-20,108488.0,12870000.0
2022-05-19,107005.0,11430000.0
2022-05-18,106247.0,14750000.0
2022-05-17,108789.0,16500000.0
2022-05-16,108233.0,10600000.0
2022-05-13,106924.0,12370000.0
2022-05-12,105688.0,14000000.0
2022-05-11,104397.0,13430000.0
2022-05-10,103110.0,13510000.0
2022-05-09,103250.0,13200000.0
2022-05-06,105135.0,14140000.0
2022-05-05,105304.0,13830000.0
2022-05-04,108344.0,14560000.0
2022-05-03,106528.0,9940000.0
2022-05-02,106639.0,11940000.0
2022-04-29,107876.0,13660000.0
2022-04-28,109919.0,11130000.0
2022-04-27,109349.0,11520000.0
2022-04-26,108213.0,11750000.0
2022-04-25,110685.0,11100000.0
2022-04-22,111078.0,10880000.0
2022-04-20,114344.0,10750000.0
2022-04-19,115057.0,10540000.0
2022-04-18,115687.0,8400000.0
2022-04-14,116182.0,10370000.0
2022-04-13,116782.0,12070000.0
2022-04-12,116147.0,11410000.0
2022-04-11,116953.0,9560000.0
2022-04-08,118322.0,11230000.0
2022-04-07,118862.0,11520000.0
2022-04-06,118228.0,13410000.0
2022-04-05,118885.0,11790000.0
2022-04-04,121280.0,8810000.0
2022-04-01,121570.0,13780000.0
2022-03-31,119999.0,11200000.0
2022-03-30,120260.0,10890000.0
2022-03-29,120014.0,12930000.0
2022-03-28,118738.0,9170000.0
2022-03-25,119081.0,13810000.0
2022-03-24,119053.0,13470000.0
2022-03-23,117457.0,11080000.0
2022-03-22,117272.0,11380000.0
2022-03-21,116155.0,10380000.0
2022-03-18,115311.0,19550000.0
2022-03-17,113076.0,14410000.0
2022-03-16,111112.0,13210000.0
2022-03-15,108959.0,13650000.0
2022-03-14,109928.0,10480000.0
2022-03-11,111713.0,12480000.0
2022-03-10,113663.0,12980000.0
2022-03-09,113900.0,14710000.0
2022-03-08,111203.0,15700000.0
2022-03-07,111593.0,14060000.0
2022-03-04,114474.0,10720000.0
2022-03-03,115166.0,12120000.0
2022-03-02,115174.0,10700000.0
2022-02-25,113142.0,17560000.0
2022-02-24,111592.0,16790000.0
2022-02-23,112008.0,12120000.0
2022-02-22,112892.0,12710000.0
2022-02-21,111725.0,7860000.0
2022-02-18,112880.0,11300000.0
2022-02-17,113528.0,10810000.0
2022-02-16,115181.0,12050000.0
2022-02-15,114828.0,11650000.0
2022-02-14,113899.0,10760000.0
2022-02-11,113572.0,18600000.0
2022-02-10,113368.0,13270000.0
2022-02-09,112461.0,13790000.0
2022-02-08,112234.0,10160000.0
2022-02-07,111996.0,10670000.0
2022-02-04,112245.0,11460000.0
2022-02-03,111696.0,11040000.0
2022-02-02,111894.0,11750000.0
2022-02-01,113228.0,11130000.0
2022-01-31,112144.0,12190000.0
2022-01-28,111910.0,13520000.0
2022-01-27,112612.0,14810000.0
2022-01-26,111289.0,15510000.0
2022-01-25,110204.0,13710000.0
2022-01-24,107937.0,12700000.0
2022-01-21,108942.0,13410000.0
2022-01-20,109102.0,13630000.0
2022-01-19,108013.0,12600000.0
2022-01-18,106668.0,11220000.0
2022-01-17,106374.0,6920000.0
2022-01-14,106928.0,11460000.0
2022-01-13,105530.0,11710000.0
2022-01-12,105686.0,13030000.0
2022-01-11,103779.0,12420000.0
2022-01-10,101945.0,10260000.0
2022-01-07,102719.0,11730000.0
2022-01-06,101561.0,11750000.0
2022-01-05,101006.0,12880000.0
2022-01-04,103514.0,11490000.0
2022-01-03,103922.0,11130000.0
2021-12-30,104822.0,11140000.0
2021-12-29,104107.0,6590000.0
2021-12-28,104864.0,7510000.0
2021-12-27,105554.0,7590000.0
2021-12-23,104891.0,7280000.0
2021-12-22,105244.0,8050000.000000001
2021-12-21,105500.0,9040000.0
2021-12-20,105020.0,10570000.0
2021-12-17,107201.0,14930000.0
2021-12-16,108326.0,13750000.0
2021-12-15,107431.0,12660000.0
2021-12-14,106760.0,11600000.0
2021-12-13,107383.0,12510000.0
2021-12-10,107758.0,10470000.0
2021-12-09,106291.0,11080000.0
2021-12-08,108096.0,13170000.0
2021-12-07,107558.0,11770000.0
2021-12-06,106859.0,11130000.0
2021-12-03,105070.0,14580000.0
2021-12-02,104466.0,14850000.0
2021-12-01,100775.0,13760000.0
2021-11-30,101915.0,18200000.0
2021-11-29,102814.0,10280000.0
2021-11-26,102224.0,10970000.0
2021-11-25,105811.0,7890000.0
2021-11-24,104514.0,10470000.0
2021-11-23,103654.0,13030000.0
2021-11-22,102122.0,10410000.0
2021-11-19,103035.0,11100000.0
2021-11-18,102426.0,10910000.0
2021-11-17,102948.0,12830000.0
2021-11-16,104404.0,11580000.0
2021-11-12,106335.0,13250000.0
2021-11-11,107595.0,12660000.0
2021-11-10,105968.0,12280000.0
2021-11-09,105535.0,11020000.0
2021-11-08,104781.0,9360000.0
2021-11-05,104824.0,12590000.0
2021-11-04,103412.0,12080000.0
2021-11-03,105617.0,14700000.0
2021-11-01,105551.0,10730000.0
2021-10-29,103501.0,12600000.0
2021-10-28,105705.0,11500000.0
2021-10-27,106363.0,10830000.0
2021-10-26,106420.0,10760000.0
2021-10-25,108715.0,11510000.0
2021-10-22,106296.0,21170000.0
2021-10-21,107735.0,16510000.000000002
2021-10-20,110786.0,11740000.0
2021-10-19,110673.0,14130000.0
2021-10-18,114428.0,11200000.0
2021-10-15,114648.0,11170000.0
2021-10-14,113185.0,8960000.0
2021-10-13,113456.0,11730000.0
2021-10-11,112180.0,10280000.0
2021-10-08,112833.0,12870000.0
2021-10-07,110585.0,10650000.0
2021-10-06,110560.0,13280000.0
2021-10-05,110458.0,10380000.0
2021-10-04,110393.0,11810000.0
2021-10-01,112900.0,10780000.0
2021-09-30,110979.0,13160000.0
2021-09-29,111107.0,11370000.0
2021-09-28,110124.0,13190000.0
2021-09-27,113583.0,10740000.0
2021-09-24,113283.0,9120000.0
2021-09-23,114064.0,11480000.0
2021-09-22,112282.0,12160000.0
2021-09-21,110250.0,11250000.0
2021-09-20,108844.0,11500000.0
2021-09-17,111439.0,14830000.0
2021-09-16,113794.0,10690000.0
2021-09-15,115063.0,9460000.0
2021-09-14,116181.0,9030000.0
2021-09-13,116404.0,9250000.0
2021-09-10,114286.0,11160000.0
2021-09-09,115361.0,13890000.0
2021-09-08,113413.0,12320000.0
2021-09-06,117869.0,5110000.0
2021-09-03,116933.0,12520000.0
2021-09-02,116677.0,9860000.0
2021-09-01,119396.0,9520000.0
2021-08-31,118781.0,11540000.0
2021-08-30,119740.0,6390000.0
2021-08-27,120678.0,7320000.0
2021-08-26,118724.0,8430000.0
2021-08-25,120818.0,7520000.0
2021-08-24,120211.0,9180000.0
2021-08-23,117472.0,7850000.0
2021-08-20,118053.0,8930000.0
2021-08-19,117165.0,10520000.0
2021-08-18,116643.0,11750000.0
2021-08-17,117904.0,11220000.0
2021-08-16,119180.0,9740000.0
2021-08-13,121194.0,10640000.0
2021-08-12,120701.0,11070000.0
2021-08-11,122056.0,8690000.0
2021-08-10,122202.0,8300000.000000001
2021-08-09,123019.0,7170000.0
2021-08-06,122810.0,7500000.0
2021-08-05,121633.0,10910000.0
2021-08-04,121801.0,9160000.0
2021-08-03,123577.0,9390000.0
2021-08-02,122516.0,8570000.0
2021-07-30,121801.0,9400000.0
2021-07-29,125675.0,7490000.0
2021-07-28,126286.0,9040000.0
2021-07-27,124612.0,7310000.0
2021-07-26,126004.0,6330000.0
2021-07-23,125053.0,6050000.0
2021-07-22,126147.0,6480000.0
2021-07-21,125929.0,7150000.0
2021-07-20,125401.0,7630000.0
2021-07-19,124395.0,9210000.0
2021-07-16,125960.0,7360000.0
2021-07-15,127468.0,7420000.0
2021-07-14,128407.0,9210000.0
2021-07-13,128168.0,7150000.0
2021-07-12,127594.0,7420000.0
2021-07-08,125428.0,8880000.0
2021-07-07,127019.0,8150000.0
2021-07-06,125095.0,7650000.0
2021-07-05,126920.0,5260000.0
2021-07-02,127622.0,7430000.0
2021-07-01,125666.0,9290000.0
2021-06-30,126802.0,9100000.0
2021-06-29,127327.0,7780000.0
2021-06-28,127429.0,8160000.0
2021-06-25,127256.0,9360000.0
2021-06-24,129514.0,7240000.0
2021-06-23,128428.0,7990000.0
2021-06-22,128767.0,9330000.0
2021-06-21,129265.0,7330000.0
2021-06-18,128405.0,12430000.0
2021-06-17,128057.0,9660000.0
2021-06-16,129259.0,12880000.0
2021-06-15,130091.0,7210000.0
2021-06-14,130208.0,8160000.0
2021-06-11,129441.0,7750000.0
2021-06-10,130076.0,8530000.0
2021-06-09,129907.0,9840000.0
2021-06-08,129787.0,10350000.0
2021-06-07,130776.0,9660000.0
2021-06-04,130126.0,9810000.0
2021-06-02,129601.0,12780000.0
2021-06-01,128267.0,12500000.0
2021-05-31,126216.0,5950000.0
2021-05-28,125561.0,8850000.0
2021-05-27,124367.0,13140000.0
2021-05-26,123989.0,8260000.0
2021-05-25,122988.0,8910000.0
2021-05-24,124032.0,8189999.999999999
2021-05-21,122592.0,9490000.0
2021-05-20,122701.0,7910000.0
2021-05-19,122636.0,8830000.0
2021-05-18,122980.0,7840000.0
2021-05-17,122938.0,7410000.0
2021-05-14,121881.0,10140000.0
2021-05-13,120706.0,9360000.0
2021-05-12,119710.0,9410000.0
2021-05-11,122964.0,7990000.0
2021-05-10,121909.0,8220000.000000001
2021-05-07,122038.0,8870000.0
2021-05-06,119921.0,8780000.0
2021-05-05,119564.0,9060000.0
2021-05-04,117712.0,8770000.0
2021-05-03,119209.0,8890000.0
2021-04-30,118894.0,11090000.0
2021-04-29,120066.0,8500000.0
2021-04-28,121053.0,9080000.0
2021-04-27,119388.0,8359999.999999999
2021-04-26,120595.0,7100000.0
2021-04-23,120530.0,7620000.0
2021-04-22,119371.0,8600000.0
2021-04-20,120062.0,7810000.0
2021-04-19,120934.0,10030000.0
2021-04-16,121114.0,7950000.0
2021-04-15,120701.0,7950000.0
2021-04-14,120295.0,10080000.0
2021-04-13,119297.0,8980000.0
2021-04-12,118812.0,7000000.0
2021-04-09,117670.0,7740000.0
2021-04-08,118313.0,8780000.0
2021-04-07,117624.0,8540000.0
2021-04-06,117499.0,6800000.0
2021-04-05,117518.0,7250000.0
2021-04-01,115253.0,8020000.0
2021-03-31,116634.0,10660000.0
2021-03-30,116850.0,8140000.000000001
2021-03-29,115419.0,7460000.0
2021-03-26,114781.0,8660000.0
2021-03-25,113750.0,10310000.0
2021-03-24,112064.0,9830000.0
2021-03-23,113262.0,8300000.000000001
2021-03-22,114979.0,8160000.0
2021-03-19,116222.0,12340000.0
2021-03-18,114835.0,9920000.0
2021-03-17,116549.0,9430000.0
2021-03-16,114019.0,7800000.0
2021-03-15,114851.0,8220000.000000001
2021-03-12,114160.0,8109999.999999999
2021-03-11,114984.0,12090000.0
2021-03-10,112776.0,12510000.0
2021-03-09,111331.0,12140000.0
2021-03-08,110612.0,13700000.0
2021-03-05,115202.0,13250000.0
2021-03-04,112690.0,14220000.0
2021-03-03,111184.0,15140000.0
2021-03-02,111540.0,14820000.0
2021-03-01,110335.0,11240000.0
2021-02-26,110035.0,14620000.0
2021-02-25,112256.0,12470000.0
2021-02-24,115668.0,11400000.0
2021-02-23,115227.0,15170000.0
2021-02-22,112668.0,21770000.0
2021-02-19,118431.0,10400000.0
2021-02-18,119199.0,10720000.0
2021-02-17,120356.0,8330000.0
2021-02-12,119429.0,7660000.0
2021-02-11,119300.0,7570000.0
2021-02-10,118435.0,8640000.0
2021-02-09,119472.0,7910000.0
2021-02-08,119696.0,8620000.0
2021-02-05,120240.0,8210000.000000001
2021-02-04,119261.0,8100000.0
2021-02-03,119725.0,8700000.0
2021-02-02,118234.0,11630000.0
2021-02-01,117518.0,8720000.0
2021-01-29,115068.0,10970000.0
2021-01-28,118883.0,12070000.0
2021-01-27,115882.0,12380000.0
2021-01-26,116464.0,10680000.0
2021-01-22,117380.0,9370000.0
2021-01-21,118329.0,8570000.0
2021-01-20,119646.0,7950000.0
2021-01-19,120636.0,7890000.0
2021-01-18,121242.0,7220000.0
2021-01-15,120349.0,9390000.0
2021-01-14,123481.0,8970000.0
2021-01-13,121933.0,10290000.0
2021-01-12,123998.0,8950000.0
2021-01-11,123255.0,9540000.0
2021-01-08,125077.0,11090000.0
2021-01-07,122386.0,11770000.0
2021-01-06,119100.0,11640000.0
2021-01-05,119376.0,9260000.0
2021-01-04,118855.0,8740000.0
2020-12-30,119017.0,8240000.0
2020-12-29,119409.0,6770000.0
2020-12-28,119124.0,7170000.0
2020-12-23,117807.0,6480000.0
2020-12-22,116636.0,6950000.0
2020-12-21,115823.0,10350000.0
2020-12-18,118024.0,8640000.0
2020-12-17,118401.0,7700000.0
2020-12-16,117857.0,9810000.0
2020-12-15,116149.0,8199999.999999999
2020-12-14,114611.0,8189999.999999999
2020-12-11,115128.0,8369999.999999999
2020-12-10,115129.0,11800000.0
2020-12-09,113001.0,8430000.0
2020-12-08,113793.0,8810000.0
2020-12-07,113590.0,9630000.0
2020-12-04,113750.0,8890000.0
2020-12-03,112292.0,11470000.0
2020-12-02,111879.0,9810000.0
2020-12-01,111400.0,11320000.0
2020-11-30,108893.0,19300000.0
2020-11-27,110575.0,8790000.0
2020-11-26,110227.0,6170000.0
2020-11-25,110133.0,8560000.0
2020-11-24,109786.0,11930000.0
2020-11-23,107379.0,9690000.0
2020-11-20,106042.0,7100000.0
2020-11-19,106670.0,8560000.0
2020-11-18,106119.0,10340000.0
2020-11-17,107249.0,10310000.0
2020-11-16,106430.0,11720000.0
2020-11-13,104723.0,9770000.0
2020-11-12,102507.0,10860000.0
2020-11-11,104809.0,10840000.0
2020-11-10,105067.0,16670000.000000002
2020-11-09,103515.0,17410000.0
2020-11-06,100925.0,8380000.000000001
2020-11-05,100751.0,10460000.0
2020-11-04,97867.0,10700000.0
2020-11-03,95980.0,10190000.0
2020-10-30,93952.0,10640000.0
2020-10-29,96582.0,12700000.0
2020-10-28,95369.0,11050000.0
2020-10-27,99606.0,8670000.0
2020-10-26,101017.0,8070000.0
2020-10-23,101260.0,7560000.0
2020-10-22,101918.0,9560000.0
2020-10-21,100552.0,8660000.0
2020-10-20,100540.0,8800000.0
2020-10-19,98658.0,9930000.0
2020-10-16,98309.0,7840000.0
2020-10-15,99054.0,8340000.0
2020-10-14,99334.0,8900000.0
2020-10-13,98503.0,7870000.0
2020-10-09,97483.0,10810000.0
2020-10-08,97920.0,11160000.0
2020-10-07,95526.0,9830000.0
2020-10-06,95615.0,11300000.0
2020-10-05,96089.0,8620000.0
2020-10-02,94016.0,8580000.0
2020-10-01,95479.0,9240000.0
2020-09-30,94603.0,9490000.0
2020-09-29,93580.0,8740000.0
2020-09-28,94666.0,10510000.0
2020-09-25,96999.0,7350000.0
2020-09-24,97012.0,9330000.0
2020-09-23,95735.0,8830000.0
2020-09-22,97294.0,7280000.0
2020-09-21,96991.0,9740000.0
2020-09-18,98290.0,11370000.0
2020-09-17,100098.0,7860000.0
2020-09-16,99676.0,7140000.0
2020-09-15,100298.0,9220000.0
2020-09-14,100275.0,8180000.0
2020-09-11,98363.0,9110000.0
2020-09-10,98835.0,8890000.0
2020-09-09,101292.0,7960000.0
2020-09-08,100050.0,8480000.0
2020-09-04,101242.0,11330000.0
2020-09-03,100721.0,12610000.0
2020-09-02,101911.0,7560000.0
2020-09-01,102168.0,9380000.0
2020-08-31,99369.0,12230000.0
2020-08-28,102143.0,7670000.0
2020-08-27,100624.0,7360000.0
2020-08-26,100627.0,9860000.0
2020-08-25,102118.0,8189999.999999999
2020-08-24,102298.0,7720000.0
2020-08-21,101521.0,9100000.0
2020-08-20,101468.0,9400000.0
2020-08-19,100854.0,10030000.0
2020-08-18,102065.0,9420000.0
2020-08-17,99595.0,10820000.0
2020-08-14,101353.0,8580000.0
2020-08-13,100461.0,10720000.0
2020-08-12,102118.0,10110000.0
2020-08-11,102174.0,9360000.0
2020-08-10,103444.0,8260000.0
2020-08-07,102776.0,10340000.0
2020-08-06,104126.0,9690000.0
2020-08-05,102802.0,10920000.0
2020-08-04,101216.0,12030000.0
2020-08-03,102830.0,10900000.0
2020-07-31,102912.0,12930000.0
2020-07-30,105009.0,9590000.0
2020-07-29,105605.0,9240000.0
2020-07-28,104109.0,9090000.0
2020-07-27,104477.0,9620000.0
2020-07-24,102382.0,9800000.0
2020-07-23,102293.0,10370000.0
2020-07-22,104290.0,10830000.0
2020-07-21,104310.0,11110000.0
2020-07-20,104426.0,8930000.0
2020-07-17,102888.0,10430000.0
2020-07-16,100553.0,8130000.000000001
2020-07-15,101791.0,9290000.0
2020-07-14,100440.0,10020000.0
2020-07-13,98697.0,10380000.0
2020-07-10,100032.0,9150000.0
2020-07-09,99160.0,9470000.0
2020-07-08,99770.0,9140000.0
2020-07-07,97761.0,8950000.0
2020-07-06,98937.0,9490000.0
2020-07-03,96765.0,5350000.0
2020-07-02,96235.0,10060000.0
2020-07-01,96203.0,10160000.0
2020-06-30,95056.0,10140000.0
2020-06-29,95735.0,8910000.0
2020-06-26,93834.0,8440000.0
2020-06-25,95983.0,8700000.0
2020-06-24,94377.0,9960000.0
2020-06-23,95975.0,9750000.0
2020-06-22,95336.0,8260000.0
2020-06-19,96572.0,13130000.0
2020-06-18,96125.0,10010000.0
2020-06-17,95547.0,11130000.0
2020-06-16,93531.0,12030000.0
2020-06-15,92376.0,13320000.0
2020-06-12,92795.0,12790000.0
2020-06-10,94686.0,11740000.0
2020-06-09,96747.0,11290000.0
2020-06-08,97645.0,11100000.0
2020-06-05,94637.0,13320000.0
2020-06-04,93829.0,11490000.0
2020-06-03,93002.0,15140000.0
2020-06-02,91046.0,11830000.0
2020-06-01,88620.0,9850000.0
2020-05-29,87403.0,16550000.0
2020-05-28,86949.0,10120000.0
2020-05-27,87946.0,11210000.0
2020-05-26,85469.0,12030000.0
2020-05-25,85663.0,8760000.0
2020-05-22,82173.0,9280000.0
2020-05-21,83027.0,11400000.0
2020-05-20,81319.0,9520000.0
2020-05-19,80742.0,10740000.0
2020-05-18,81194.0,11530000.0
2020-05-15,77557.0,11720000.0
2020-05-14,79011.0,13820000.0
2020-05-13,77772.0,11580000.0
2020-05-12,77872.0,10250000.0
2020-05-11,79065.0,9780000.0
2020-05-08,80263.0,10730000.0
2020-05-07,78119.0,13810000.0
2020-05-06,79064.0,9780000.0
2020-05-05,79471.0,9150000.0
2020-05-04,78876.0,8590000.0
2020-04-30,80506.0,11800000.0
2020-04-29,83171.0,11720000.0
2020-04-28,81312.0,12940000.0
2020-04-27,78239.0,10660000.0
2020-04-24,75331.0,16530000.000000002
2020-04-23,79673.0,10820000.0
2020-04-22,80687.0,9850000.0
2020-04-20,78973.0,8870000.0
2020-04-17,78990.0,8320000.0
2020-04-16,77812.0,9030000.0
2020-04-15,78831.0,9760000.0
2020-04-14,79918.0,8590000.0
2020-04-13,78836.0,7650000.0
2020-04-09,77682.0,10750000.0
2020-04-08,78625.0,10210000.0
2020-04-07,76358.0,11290000.0
2020-04-06,74073.0,9690000.0
2020-04-03,69538.0,10410000.0
2020-04-02,72253.0,10540000.0
2020-04-01,70967.0,10090000.0
2020-03-31,73020.0,11140000.0
2020-03-30,74639.0,9030000.0
2020-03-27,73429.0,10300000.0
2020-03-26,77710.0,12760000.0
2020-03-25,74956.0,12950000.0
2020-03-24,69729.0,11680000.0
2020-03-23,63570.0,11960000.0
2020-03-20,67069.0,15150000.0
2020-03-19,68332.0,16140000.0
2020-03-18,66895.0,16750000.0
2020-03-17,74617.0,14950000.0
2020-03-16,71168.0,12850000.0
2020-03-13,82678.0,15770000.0
2020-03-12,72583.0,12010000.0
2020-03-11,85171.0,11790000.0
2020-03-10,92214.0,13530000.0
2020-03-09,86067.0,14650000.0
2020-03-06,97997.0,11860000.0
2020-03-05,102233.0,8600000.0
2020-03-04,107224.0,8410000.0
2020-03-03,105537.0,9390000.0
2020-03-02,106625.0,8860000.0
2020-02-28,104172.0,11230000.0
2020-02-27,102984.0,11240000.0
2020-02-26,105718.0,9370000.0
2020-02-21,113681.0,5900000.0
2020-02-20,114586.0,6790000.0
2020-02-19,116518.0,6330000.0
2020-02-18,114977.0,5550000.0
2020-02-17,115309.0,4360000.0
2020-02-14,114381.0,5340000.0
2020-02-13,115662.0,5640000.0
2020-02-12,116674.0,8160000.0
2020-02-11,115371.0,6770000.0
2020-02-10,112570.0,7490000.0
2020-02-07,113770.0,6590000.0
2020-02-06,115190.0,7380000.0
2020-02-05,116028.0,7170000.0
2020-02-04,115557.0,5830000.0
2020-02-03,114629.0,5510000.0
2020-01-31,113761.0,6220000.0
2020-01-30,115528.0,6320000.0
2020-01-29,115385.0,5100000.0
2020-01-28,116479.0,5230000.0
2020-01-27,114482.0,6100000.0
2020-01-24,118376.0,4780000.0
2020-01-23,119528.0,6570000.0
2020-01-22,118391.0,5770000.0
2020-01-21,117026.0,5090000.0
2020-01-20,118862.0,3840000.0
2020-01-17,118478.0,4950000.0
2020-01-16,116704.0,5420000.0
2020-01-15,116414.0,5570000.0
2020-01-14,117632.0,5360000.0
2020-01-13,117325.0,5690000.0
2020-01-10,115503.0,4780000.0
2020-01-09,115947.0,5950000.0
2020-01-08,116247.0,5910000.0
2020-01-07,116662.0,4850000.0
2020-01-06,116878.0,6570000.0
2020-01-03,117707.0,6830000.0
2020-01-02,118573.0,5160000.0
2019-12-30,115645.0,3670000.0
2019-12-27,116534.0,3910000.0
2019-12-26,117203.0,3790000.0
2019-12-23,115863.0,4000000.0
2019-12-20,115121.0,6890000.0
2019-12-19,115131.0,5780000.0
2019-12-18,114315.0,7940000.0
2019-12-17,112616.0,5350000.0
2019-12-16,111896.0,6080000.0
2019-12-13,112565.0,7710000.0
2019-12-12,112200.0,5680000.0
2019-12-11,110964.0,5150000.0
2019-12-10,110672.0,4760000.0
2019-12-09,110977.0,4990000.0
2019-12-06,111126.0,4970000.0
2019-12-05,110622.0,4400000.0
2019-12-04,110301.0,4890000.0
2019-12-03,108956.0,5220000.0
2019-12-02,108928.0,4710000.0
2019-11-29,108233.0,4190000.0000000005
2019-11-28,108290.0,3670000.0
2019-11-27,107708.0,4420000.0
2019-11-26,107059.0,6900000.0
2019-11-25,108424.0,4510000.0
2019-11-22,108692.0,4800000.0
2019-11-21,107497.0,5820000.0
2019-11-19,105864.0,3610000.0
2019-11-18,106269.0,4920000.0
2019-11-14,106557.0,5360000.0
2019-11-13,106060.0,5340000.0
2019-11-12,106751.0,5220000.0
2019-11-11,108367.0,3930000.0
2019-11-08,107629.0,5420000.0
2019-11-07,109581.0,6080000.0
2019-11-06,108360.0,5510000.0
2019-11-05,108719.0,5660000.0
2019-11-04,108779.0,5180000.0
2019-11-01,108196.0,5470000.0
2019-10-31,107220.0,5380000.0
2019-10-30,108408.0,5450000.0
2019-10-29,107556.0,4310000.0
2019-10-28,108187.0,3970000.0
2019-10-25,107364.0,5400000.0
2019-10-24,106986.0,5620000.0
2019-10-23,107544.0,4660000.0
2019-10-22,107381.0,5220000.0
2019-10-21,106022.0,3500000.0
2019-10-18,104729.0,4480000.0
2019-10-17,105016.0,4190000.0000000005
2019-10-16,105423.0,4510000.0
2019-10-15,104490.0,4090000.0
2019-10-14,104302.0,2990000.0
2019-10-11,103832.0,4350000.0
2019-10-10,101817.0,4370000.0
2019-10-09,101249.0,3940000.0
2019-10-08,99981.0,4340000.0
2019-10-07,100573.0,3940000.0
2019-10-04,102551.0,4650000.0
2019-10-03,101516.0,4670000.0
2019-10-02,101031.0,5070000.0
2019-10-01,104053.0,4099999.9999999995
2019-09-30,104745.0,3900000.0
2019-09-27,105078.0,3470000.0
2019-09-26,105319.0,4139999.9999999995
2019-09-25,104481.0,4120000.0
2019-09-24,103876.0,3970000.0
2019-09-23,104638.0,6770000.0
2019-09-20,104817.0,6770000.0
2019-09-19,104339.0,4920000.0
2019-09-18,104532.0,3880000.0
2019-09-17,104617.0,4570000.0
2019-09-16,103680.0,6040000.0
2019-09-13,103501.0,4040000.0
2019-09-12,104371.0,4960000.0
2019-09-11,103446.0,4880000.0
2019-09-10,103032.0,5480000.0
2019-09-09,103181.0,5520000.0
2019-09-06,102935.0,3980000.0
2019-09-05,102243.0,4810000.0
2019-09-04,101201.0,4310000.0
2019-09-03,99681.0,4330000.0
2019-09-02,100626.0,2690000.0
2019-08-30,101135.0,6110000.0
2019-08-29,100524.0,5160000.0
2019-08-28,98194.0,4350000.0
2019-08-27,97276.0,6580000.0
2019-08-26,96430.0,4139999.9999999995
2019-08-23,97667.0,5670000.0
2019-08-22,100011.0,4500000.0
2019-08-21,101202.0,5970000.0
2019-08-20,99222.0,5240000.0
2019-08-19,99469.0,4920000.0
2019-08-16,99806.0,5480000.0
2019-08-15,99057.0,6590000.0
2019-08-14,100258.0,6490000.0
2019-08-13,103299.0,5200000.0
2019-08-12,101915.0,4510000.0
2019-08-09,103996.0,4690000.0
2019-08-08,104115.0,5710000.0
2019-08-07,102782.0,5740000.0
2019-08-06,102164.0,5230000.0
2019-08-05,100098.0,5160000.0
2019-08-02,102674.0,5080000.0
2019-08-01,102126.0,7350000.0
2019-07-31,101812.0,5230000.0
2019-07-30,102933.0,4190000.0000000005
2019-07-29,103483.0,3670000.0
2019-07-26,102819.0,5300000.0
2019-07-25,102655.0,5980000.0
2019-07-24,104120.0,5020000.0
2019-07-23,103704.0,4179999.9999999995
2019-07-22,103949.0,3570000.0
2019-07-19,103452.0,3590000.0
2019-07-18,104717.0,4550000.0
2019-07-17,103856.0,3940000.0
2019-07-16,103775.0,4610000.0
2019-07-15,103803.0,4120000.0
2019-07-12,103906.0,4890000.0
2019-07-11,105146.0,5000000.0
2019-07-10,105817.0,7030000.0
2019-07-08,104530.0,3610000.0
2019-07-05,104089.0,4340000.0
2019-07-04,103636.0,4099999.9999999995
2019-07-03,102043.0,4950000.0
2019-07-02,100605.0,5100000.0
2019-07-01,101340.0,424320.0
2019-06-28,100967.0,4210000.0
2019-06-27,100724.0,4280000.0
2019-06-26,100689.0,5170000.0
2019-06-25,100093.0,4610000.0
2019-06-24,102062.0,3670000.0
2019-06-21,102013.0,5660000.0
2019-06-19,100303.0,4550000.0
2019-06-18,99404.0,4660000.0
2019-06-17,97623.0,4050000.0
2019-06-14,98040.0,9470000.0
2019-06-13,98774.0,5770000.0
2019-06-12,98321.0,5100000.0
2019-06-11,98960.0,5080000.0
2019-06-10,97467.0,3690000.0
2019-06-07,97821.0,3830000.0
2019-06-06,97205.0,4179999.9999999995
2019-06-05,95999.0,3890000.0
2019-06-04,97380.0,4430000.0
2019-06-03,97020.0,4690000.0
2019-05-31,97030.0,5250000.0
2019-05-30,97457.0,4530000.0
2019-05-29,96567.0,4700000.0
2019-05-28,96393.0,6580000.0
2019-05-27,94864.0,2620000.0
2019-05-24,93628.0,3590000.0
2019-05-23,93910.0,3900000.0
2019-05-22,94361.0,4360000.0
2019-05-21,94485.0,5560000.0
2019-05-20,91946.0,4760000.0
2019-05-17,89993.0,5510000.0
2019-05-16,90024.0,5740000.0
2019-05-15,91623.0,4940000.0
2019-05-14,92092.0,4170000.0
2019-05-13,91727.0,4810000.0
2019-05-10,94258.0,4220000.0
2019-05-09,94808.0,4280000.0
2019-05-08,95597.0,5070000.0
2019-05-07,94389.0,5060000.0
2019-05-06,95009.0,3320000.0
2019-05-03,96008.0,4139999.9999999995
2019-05-02,95528.0,3980000.0
2019-04-30,96353.0,4360000.0
2019-04-29,96188.0,3330000.0
2019-04-26,96236.0,3880000.0
2019-04-25,96552.0,5030000.0
2019-04-24,95045.0,4800000.0
2019-04-23,95923.0,4440000.0
2019-04-22,94588.0,3270000.0
2019-04-18,94578.0,5090000.0
2019-04-17,93285.0,6660000.0
2019-04-16,94333.0,4720000.0
2019-04-15,93083.0,4770000.0
2019-04-12,92875.0,6930000.0
2019-04-11,94755.0,3640000.0
2019-04-10,95953.0,4720000.0
2019-04-09,96292.0,3850000.0
2019-04-08,97369.0,3540000.0
2019-04-05,97108.0,3800000.0
2019-04-04,96313.0,4210000.0
2019-04-03,94491.0,4440000.0
2019-04-02,95387.0,3830000.0
2019-04-01,96054.0,3870000.0
2019-03-29,95415.0,4820000.0
2019-03-28,94389.0,5350000.0
2019-03-27,91903.0,5900000.0
2019-03-26,95307.0,4800000.0
2019-03-25,93662.0,4650000.0
2019-03-22,93735.0,6190000.0
2019-03-21,96729.0,5490000.0
2019-03-20,98041.0,4780000.0
2019-03-19,99588.0,5390000.0
2019-03-18,99994.0,4330000.0
2019-03-15,99137.0,5300000.0
2019-03-14,98605.0,3700000.0
2019-03-13,98904.0,4960000.0
2019-03-12,97828.0,3950000.0
2019-03-11,98027.0,4380000.0
2019-03-08,95365.0,4179999.9999999995
2019-03-07,94340.0,4230000.0
2019-03-06,94217.0,2800000.0
2019-03-01,94604.0,4179999.9999999995
2019-02-28,95584.0,5530000.0
2019-02-27,97307.0,3990000.0
2019-02-26,97602.0,3660000.0
2019-02-25,97240.0,4490000.0
2019-02-22,97886.0,4560000.0
2019-02-21,96932.0,5990000.0
2019-02-20,96545.0,6090000.0
2019-02-19,97659.0,4980000.0
2019-02-18,96510.0,2920000.0
2019-02-15,97526.0,4730000.0
2019-02-14,98015.0,5380000.0
2019-02-13,95842.0,5990000.0
2019-02-12,96168.0,5070000.0
2019-02-11,94413.0,3880000.0
2019-02-08,95343.0,5470000.0
2019-02-07,94406.0,5790000.0
2019-02-06,94636.0,5630000.0
2019-02-05,98311.0,4920000.0
2019-02-04,98589.0,4410000.0
2019-02-01,97861.0,4430000.0
2019-01-31,97394.0,6160000.0
2019-01-30,96996.0,6360000.0
2019-01-29,95639.0,5420000.0
2019-01-28,95444.0,7410000.0
2019-01-24,97677.0,5170000.0
2019-01-23,96558.0,5200000.0
2019-01-22,95103.0,4390000.0
2019-01-21,96010.0,2800000.0
2019-01-18,96097.0,5040000.0
2019-01-17,95351.0,5100000.0
2019-01-16,94393.0,4390000.0
2019-01-15,94056.0,5010000.0
2019-01-14,94474.0,4630000.0
2019-01-11,93658.0,5500000.0
2019-01-10,93806.0,4990000.0
2019-01-09,93613.0,5170000.0
2019-01-08,92032.0,4640000.0
2019-01-07,91699.0,4710000.0
2019-01-04,91841.0,5490000.0
2019-01-03,91564.0,6250000.0
2019-01-02,91012.0,5790000.0
2018-12-28,87887.0,3760000.0
2018-12-27,85460.0,3940000.0
2018-12-26,85136.0,3460000.0
2018-12-21,85697.0,6260000.0
2018-12-20,85269.0,6290000.0
2018-12-19,85674.0,5840000.0
2018-12-18,86610.0,4220000.0
2018-12-17,86400.0,3970000.0
2018-12-14,87450.0,3660000.0
2018-12-13,87838.0,3770000.0
2018-12-12,86977.0,5160000.0
2018-12-11,86420.0,4530000.0
2018-12-10,85915.0,4210000.0
2018-12-07,88115.0,4620000.0
2018-12-06,88846.0,4510000.0
2018-12-05,89040.0,2880000.0
2018-12-04,88624.0,5030000.0
2018-12-03,89820.0,6120000.0
2018-11-30,89504.0,6950000.0
2018-11-29,89710.0,4390000.0
2018-11-28,89251.0,5460000.0
2018-11-27,87891.0,5120000.0
2018-11-26,85547.0,4700000.0
2018-11-23,86230.0,4280000.0
2018-11-22,87477.0,2310000.0
2018-11-21,87269.0,4270000.0
2018-11-19,87901.0,3750000.0
2018-11-16,88515.0,5340000.0
2018-11-14,85973.0,5760000.0
2018-11-13,84914.0,4550000.0
2018-11-12,85525.0,3640000.0
2018-11-09,85641.0,4960000.0
2018-11-08,85620.0,5460000.0
2018-11-07,87714.0,4510000.0
2018-11-06,88669.0,4500000.0
2018-11-05,89598.0,4760000.0
2018-11-01,88419.0,6060000.0
2018-10-31,87424.0,6070000.0
2018-10-30,86886.0,6760000.0
2018-10-29,83797.0,7970000.0
2018-10-26,85720.0,6670000.0
2018-10-25,84084.0,5530000.0
2018-10-24,83064.0,4820000.0
2018-10-23,85300.0,4520000.0
2018-10-22,85597.0,3990000.0
2018-10-19,84220.0,3870000.0
2018-10-18,83847.0,4210000.0
2018-10-17,85764.0,5010000.0
2018-10-16,85718.0,4960000.0
2018-10-15,83360.0,4930000.0
2018-10-11,82921.0,5350000.0
2018-10-10,83679.0,5380000.0
2018-10-09,86088.0,6660000.0
2018-10-08,86084.0,10310000.0
2018-10-05,82322.0,5560000.0
2018-10-04,82953.0,5090000.0
2018-10-03,83273.0,7850000.0
2018-10-02,81612.0,6130000.0
2018-10-01,78624.0,3230000.0
2018-09-28,79342.0,4190000.0000000005
2018-09-27,80000.0,4610000.0
2018-09-26,78656.0,3850000.0
2018-09-25,78630.0,3810000.0
2018-09-24,77984.0,2910000.0
2018-09-21,79444.0,4810000.0
2018-09-20,78116.0,3230000.0
2018-09-19,78169.0,3900000.0
2018-09-18,78314.0,4300000.0
2018-09-17,76789.0,3500000.0
2018-09-14,75429.0,3330000.0
2018-09-13,74687.0,3160000.0
2018-09-12,75125.0,3820000.0
2018-09-11,74657.0,3510000.0
2018-09-10,76436.0,3200000.0
2018-09-06,76416.0,3400000.0
2018-09-05,75092.0,2920000.0
2018-09-04,74712.0,3260000.0
2018-09-03,76193.0,1730000.0
2018-08-31,76678.0,4270000.0
2018-08-30,76404.0,1730000.0
2018-08-29,78389.0,3220000.0
2018-08-28,77473.0,3060000.0
2018-08-27,77930.0,2840000.0
2018-08-24,76262.0,3260000.0
2018-08-23,75634.0,3990000.0
2018-08-22,76902.0,3720000.0
2018-08-21,75180.0,4200000.0
2018-08-20,76328.0,3690000.0
2018-08-17,76028.0,3860000.0
2018-08-16,76819.0,3390000.0
2018-08-15,77078.0,4520000.0
2018-08-14,78602.0,3830000.0
2018-08-13,77496.0,4080000.0
2018-08-10,76514.0,4830000.0
2018-08-09,78768.0,3830000.0
2018-08-08,79152.0,3950000.0
2018-08-07,80347.0,3980000.0
2018-08-06,81051.0,2590000.0
2018-08-03,81435.0,3920000.0
2018-08-02,79637.0,3100000.0
2018-08-01,79302.0,3330000.0
2018-07-31,79220.0,3460000.0
2018-07-30,80276.0,2710000.0
2018-07-27,79866.0,3110000.0
2018-07-26,79405.0,3710000.0
2018-07-25,80218.0,3580000.0
2018-07-24,79155.0,3380000.0
2018-07-23,77996.0,2520000.0
2018-07-20,78571.0,4890000.0
2018-07-19,77487.0,3900000.0
2018-07-18,77363.0,3500000.0
2018-07-17,78130.0,4000000.0
2018-07-16,76653.0,3230000.0
2018-07-13,76594.0,3420000.0
2018-07-12,75856.0,3620000.0
2018-07-11,74399.0,3880000.0
2018-07-10,74862.0,4019999.9999999995
2018-07-06,75010.0,2730000.0
2018-07-05,74553.0,3670000.0
2018-07-04,74743.0,2210000.0
2018-07-03,73668.0,3350000.0
2018-07-02,72840.0,2840000.0
2018-06-29,72763.0,4000000.0
2018-06-28,71767.0,3620000.0
2018-06-27,70609.0,3700000.0
2018-06-26,71405.0,3610000.0
2018-06-25,70953.0,3450000.0
2018-06-22,70641.0,3150000.0
2018-06-21,70075.0,3600000.0
2018-06-20,72123.0,4550000.0
2018-06-19,71394.0,5350000.0
2018-06-18,69815.0,3580000.0
2018-06-15,70758.0,6660000.0
2018-06-14,71421.0,4410000.0
2018-06-13,72122.0,4500000.0
2018-06-12,72754.0,4010000.0
2018-06-11,72308.0,3670000.0
2018-06-08,72942.0,6140000.0
2018-06-07,73851.0,8170000.0
2018-06-06,76117.0,5020000.0
2018-06-05,76642.0,4640000.0
2018-06-04,78596.0,4150000.0000000005
2018-06-01,77240.0,6230000.0
2018-05-30,76754.0,7670000.0
2018-05-29,76072.0,6160000.0
2018-05-28,75356.0,4310000.0
2018-05-25,78898.0,4810000.0
2018-05-24,80122.0,6370000.0
2018-05-23,80867.0,4000000.0
2018-05-22,82739.0,4930000.0
2018-05-21,81815.0,4370000.0
2018-05-18,83082.0,5910000.0
2018-05-17,83622.0,5680000.0
2018-05-16,86537.0,3820000.0
2018-05-15,85130.0,4540000.0
2018-05-14,85232.0,4210000.0
2018-05-11,85220.0,4520000.0
2018-05-10,85861.0,4750000.0
2018-05-09,84265.0,4840000.0
2018-05-08,82956.0,4070000.0000000005
2018-05-07,82714.0,2930000.0
2018-05-04,83118.0,3580000.0
2018-05-03,83288.0,4099999.9999999995
2018-05-02,84547.0,3840000.0
2018-04-30,86115.0,2250000.0
2018-04-27,86445.0,3140000.0
2018-04-26,86383.0,3230000.0
2018-04-25,85044.0,3320000.0
2018-04-24,85469.0,2930000.0
2018-04-23,85602.0,2500000.0
2018-04-20,85550.0,3080000.0
2018-04-19,85824.0,3630000.0
2018-04-18,85776.0,4330000.0
2018-04-17,84086.0,2710000.0
2018-04-16,82862.0,3000000.0
2018-04-13,84334.0,3610000.0
2018-04-12,85444.0,2920000.0
2018-04-11,85246.0,3470000.0
2018-04-10,84510.0,3630000.0
2018-04-09,83307.0,3270000.0
2018-04-06,84820.0,3160000.0
2018-04-05,85210.0,4390000.0
2018-04-04,84360.0,3040000.0
2018-04-03,84623.0,2660000.0
2018-04-02,84666.0,2680000.0
2018-03-29,85366.0,3250000.0
2018-03-28,83874.0,3000000.0
2018-03-27,83808.0,3040000.0
2018-03-26,85088.0,2430000.0
2018-03-23,84377.0,3280000.0
2018-03-22,84768.0,3340000.0
2018-03-21,84977.0,3360000.0
2018-03-20,84164.0,2760000.0
2018-03-19,83913.0,3430000.0
2018-03-16,84886.0,5610000.0
2018-03-15,84928.0,3960000.0
2018-03-14,86051.0,2640000.0
2018-03-13,86384.0,2820000.0
2018-03-12,86900.0,2680000.0
2018-03-09,86371.0,3590000.0
2018-03-08,84985.0,3810000.0
2018-03-07,85484.0,3560000.0
2018-03-06,85653.0,3720000.0
2018-03-05,86023.0,3530000.0
2018-03-02,85761.0,4000000.0
2018-03-01,85378.0,4480000.0
2018-02-28,85354.0,6130000.0
2018-02-27,86935.0,3640000.0
2018-02-26,87653.0,4170000.0
2018-02-23,87293.0,4310000.0
2018-02-22,86686.0,3650000.0
2018-02-21,86052.0,4960000.0
2018-02-20,85804.0,4200000.0
2018-02-19,84793.0,2150000.0
2018-02-16,84525.0,3580000.0
2018-02-15,84291.0,3600000.0
2018-02-14,83543.0,4030000.0000000005
2018-02-09,80899.0,4420000.0
2018-02-08,81533.0,4139999.9999999995
2018-02-07,82767.0,4010000.0
2018-02-06,83894.0,5770000.0
2018-02-05,81861.0,3350000.0
2018-02-02,84041.0,3480000.0
2018-02-01,85495.0,4210000.0
2018-01-31,84913.0,4360000.0
2018-01-30,84482.0,3680000.0
2018-01-29,84698.0,4010000.0
2018-01-26,85531.0,5580000.0
2018-01-24,83680.0,5670000.0
2018-01-23,80678.0,3830000.0
2018-01-22,81675.0,2780000.0
2018-01-19,81220.0,3220000.0
2018-01-18,80963.0,3540000.0
2018-01-17,81189.0,3440000.0
2018-01-16,79832.0,3070000.0
2018-01-15,79752.0,2000000.0
2018-01-12,79349.0,3690000.0
2018-01-11,79365.0,3510000.0
2018-01-10,78201.0,2850000.0
2018-01-09,78864.0,3570000.0
2018-01-08,79379.0,2630000.0
2018-01-05,79071.0,2830000.0
2018-01-04,78647.0,3590000.0
2018-01-03,77995.0,3240000.0
2018-01-02,77891.0,2970000.0
